"Date","State","From Number","From extension","Name","To","Duration","Call Rate","Call Charge","RecFn"
"2017-09-01 08:04:38","ANSWERED","4504449898","203","Distech Controls <4504449898>","16023330021","1356.0","0.03","0.678",""
"2017-09-01 08:19:19","ANSWERED","4504449898","285","Distech Controls <4504449898>","15148238572","176.0","0.0","0.0",""
"2017-09-01 08:34:35","ANSWERED","4504449898","242","Distech Controls <4504449898>","15149948920","60.0","0.0","0.0",""
"2017-09-01 08:39:27","ANSWERED","4504449898","9024682300","Distech Controls <4504449898>","15146590338","572.0","0.0","0.0",""
"2017-09-01 08:50:49","ANSWERED","4504449898","320","Distech Controls <4504449898>","14509680886","210.0","0.03","0.105",""
"2017-09-01 09:05:23","NO ANSWER","4504449898","6177805352","Distech Controls <4504449898>","15142486249","1.0","0.0","0.0",""
"2017-09-01 09:15:39","ANSWERED","4504449898","285","Distech Controls <4504449898>","14388233407","92.0","0.0","0.0",""
"2017-09-01 09:17:25","ANSWERED","4504449898","285","Distech Controls <4504449898>","14506322820","958.0","0.0","0.0",""
"2017-09-01 09:27:25","ANSWERED","4504449898","285","Distech Controls <4504449898>","14388233407","54.0","0.0","0.0",""
"2017-09-01 09:28:15","ANSWERED","4504449898","297","Distech Controls <4504449898>","18886515908","1836.0","0.0","0.0",""
"2017-09-01 09:29:20","ANSWERED","4504449898","276","Distech Controls <4504449898>","16782099717","3258.0","0.03","1.629",""
"2017-09-01 09:29:35","ANSWERED","4504449898","319","Distech Controls <4504449898>","18886515908","18.0","0.0","0.0",""
"2017-09-01 09:30:10","ANSWERED","4504449898","319","Distech Controls <4504449898>","18886515908","1723.0","0.0","0.0",""
"2017-09-01 09:36:16","ANSWERED","4504449898","285","Distech Controls <4504449898>","14388233407","278.0","0.0","0.0",""
"2017-09-01 09:46:35","ANSWERED","4504449898","285","Distech Controls <4504449898>","15143974415","173.0","0.0","0.0",""
"2017-09-01 09:48:13","ANSWERED","4504449898","301","Distech Controls <4504449898>","14383931290","56.0","0.0","0.0",""
"2017-09-01 09:54:31","ANSWERED","4504449898","363","Distech Controls <4504449898>","15145222121","115.0","0.0","0.0",""
"2017-09-01 09:56:47","ANSWERED","4504449898","363","Distech Controls <4504449898>","14509262222","190.0","0.0","0.0",""
"2017-09-01 10:02:41","NO ANSWER","4504449898","242","Distech Controls <4504449898>","15145821819","1.0","0.0","0.0",""
"2017-09-01 10:04:49","ANSWERED","4504449898","242","Distech Controls <4504449898>","14503329477","4.0","0.0","0.0",""
"2017-09-01 10:07:43","ANSWERED","4504449898","318","Distech Controls <4504449898>","18557979480","3004.0","0.0","0.0",""
"2017-09-01 10:08:15","ANSWERED","4504449898","205","Distech Controls <4504449898>","14509262222","289.0","0.0","0.0",""
"2017-09-01 10:26:55","ANSWERED","4504449898","363","Distech Controls <4504449898>","15147584108","112.0","0.0","0.0",""
"2017-09-01 10:28:10","NO ANSWER","4504449898","259","Distech Controls <4504449898>","16238104326","6.0","0.03","0.0",""
"2017-09-01 10:47:45","ANSWERED","4504449898","222","Distech Controls <4504449898>","14504627888","10.0","0.0","0.0",""
"2017-09-01 10:51:08","ANSWERED","4504449898","281","Distech Controls <4504449898>","16784281686","1026.0","0.03","0.513",""
"2017-09-01 10:51:34","ANSWERED","4504449898","222","Distech Controls <4504449898>","14504627888","2.0","0.0","0.0",""
"2017-09-01 10:58:28","BUSY","4504449898","306","Distech Controls <4504449898>","14506562986","1.0","0.0","0.0",""
"2017-09-01 11:07:07","ANSWERED","4504449898","299","Distech Controls <4504449898>","14506595497","119.0","0.0","0.0",""
"2017-09-01 11:08:01","ANSWERED","4504449898","212","Distech Controls <4504449898>","14509042647","45.0","0.0","0.0",""
"2017-09-01 11:21:23","ANSWERED","4504449898","222","Distech Controls <4504449898>","14504627888","41.0","0.0","0.0",""
"2017-09-01 11:27:20","ANSWERED","4504449898","242","Distech Controls <4504449898>","14506787666","350.0","0.0","0.0",""
"2017-09-01 11:28:01","ANSWERED","4504449898","369","Distech Controls <4504449898>","18887425572","35.0","0.0","0.0",""
"2017-09-01 11:35:14","ANSWERED","4504449898","228","Distech Controls <4504449898>","14505507861","261.0","0.0","0.0",""
"2017-09-01 11:42:32","ANSWERED","4504449898","247","Distech Controls <4504449898>","12162172996","1320.0","0.03","0.66",""
"2017-09-01 11:43:46","NO ANSWER","4504449898","339","Distech Controls <4504449898>","14076945742","6.0","0.03","0.0",""
"2017-09-01 11:45:33","ANSWERED","4504449898","333","Distech Controls <4504449898>","14504443132","512.0","0.0","0.0",""
"2017-09-01 11:52:28","NO ANSWER","4504449898","299","Distech Controls <4504449898>","14388887760","1.0","0.0","0.0",""
"2017-09-01 11:53:43","ANSWERED","4504449898","221","Distech Controls <4504449898>","15149128474","3.0","0.0","0.0",""
"2017-09-01 12:08:36","NO ANSWER","4504449898","242","Distech Controls <4504449898>","15149948920","1.0","0.0","0.0",""
"2017-09-01 12:09:49","ANSWERED","4504449898","242","Distech Controls <4504449898>","15149948920","93.0","0.0","0.0",""
"2017-09-01 12:12:08","ANSWERED","4504449898","285","Distech Controls <4504449898>","14388625181","2.0","0.0","0.0",""
"2017-09-01 12:12:36","ANSWERED","4504449898","285","Distech Controls <4504449898>","14388625181","2.0","0.0","0.0",""
"2017-09-01 12:16:26","ANSWERED","4504449898","409","Distech Controls <4504449898>","14505507861","45.0","0.0","0.0",""
"2017-09-01 12:18:59","ANSWERED","4504449898","285","Distech Controls <4504449898>","14388625181","5.0","0.0","0.0",""
"2017-09-01 12:19:46","ANSWERED","4504449898","4504449898","Distech Controls <4504449898>","17024234170","42.0","0.03","0.021",""
"2017-09-01 12:21:26","ANSWERED","4504449898","4504449898","Distech Controls <4504449898>","16824729542","48.0","0.03","0.024",""
"2017-09-01 12:30:53","ANSWERED","4504449898","285","Distech Controls <4504449898>","14388625181","81.0","0.0","0.0",""
"2017-09-01 12:32:32","ANSWERED","4504449898","285","Distech Controls <4504449898>","14388625181","59.0","0.0","0.0",""
"2017-09-01 12:35:15","ANSWERED","4504449898","206","Distech Controls <4504449898>","15142455715","19.0","0.0","0.0",""
"2017-09-01 12:36:04","ANSWERED","4504449898","285","Distech Controls <4504449898>","14509042647","86.0","0.0","0.0",""
"2017-09-01 12:38:43","ANSWERED","4504449898","285","Distech Controls <4504449898>","14388625181","1.0","0.0","0.0",""
"2017-09-01 12:39:45","NO ANSWER","4504449898","285","Distech Controls <4504449898>","14388625181","1.0","0.0","0.0",""
"2017-09-01 12:40:19","ANSWERED","4504449898","285","Distech Controls <4504449898>","14388625181","1.0","0.0","0.0",""
"2017-09-01 12:40:48","ANSWERED","4504449898","285","Distech Controls <4504449898>","14388625181","3.0","0.0","0.0",""
"2017-09-01 12:41:21","NO ANSWER","4504449898","285","Distech Controls <4504449898>","14388625181","1.0","0.0","0.0",""
"2017-09-01 12:41:49","ANSWERED","4504449898","285","Distech Controls <4504449898>","14388720700","4.0","0.0","0.0",""
"2017-09-01 12:42:10","ANSWERED","4504449898","318","Distech Controls <4504449898>","19055781212","102.0","0.03","0.051",""
"2017-09-01 12:44:27","ANSWERED","4504449898","285","Distech Controls <4504449898>","14388625181","184.0","0.0","0.0",""
"2017-09-01 12:53:55","ANSWERED","4504449898","247","Distech Controls <4504449898>","14154229920","12.0","0.03","0.006",""
"2017-09-01 12:55:08","ANSWERED","4504449898","248","Distech Controls <4504449898>","18776475416","308.0","0.0","0.0",""
"2017-09-01 13:04:37","ANSWERED","4504449898","333","Distech Controls <4504449898>","14506320700","14.0","0.0","0.0",""
"2017-09-01 13:30:38","ANSWERED","4504449898","203","Distech Controls <4504449898>","15144676319","2275.0","0.0","0.0",""
"2017-09-01 13:32:50","ANSWERED","4504449898","221","Distech Controls <4504449898>","14504473092","901.0","0.0","0.0",""
"2017-09-01 13:36:48","ANSWERED","4504449898","306","Distech Controls <4504449898>","14506562986","820.0","0.0","0.0",""
"2017-09-01 13:39:07","ANSWERED","4504449898","370","Distech Controls <4504449898>","12077973323","102.0","0.03","0.051",""
"2017-09-01 13:42:25","ANSWERED","4504449898","300","Distech Controls <4504449898>","19546580804","252.0","0.03","0.126",""
"2017-09-01 13:52:08","ANSWERED","4504449898","297","Distech Controls <4504449898>","14504665000","247.0","0.0","0.0",""
"2017-09-01 14:05:20","ANSWERED","4504449898","369","Distech Controls <4504449898>","14506168035","142.0","0.0","0.0",""
"2017-09-01 14:08:09","ANSWERED","4504449898","369","Distech Controls <4504449898>","14389233386","4.0","0.0","0.0",""
"2017-09-01 14:08:40","ANSWERED","4504449898","369","Distech Controls <4504449898>","14389233386","5.0","0.0","0.0",""
"2017-09-01 14:10:00","NO ANSWER","4504449898","369","Distech Controls <4504449898>","14389233386","1.0","0.0","0.0",""
"2017-09-01 14:32:26","ANSWERED","4504449898","288","Distech Controls <4504449898>","15148953445","217.0","0.0","0.0",""
"2017-09-01 14:33:39","ANSWERED","4504449898","228","Distech Controls <4504449898>","14506569695","135.0","0.0","0.0",""
"2017-09-01 15:01:05","NO ANSWER","4504449898","222","Distech Controls <4504449898>","16137694006","6.0","0.03","0.0",""
"2017-09-01 15:02:07","NO ANSWER","4504449898","370","Distech Controls <4504449898>","12624241921","6.0","0.03","0.0",""
"2017-09-01 15:02:26","ANSWERED","4504449898","370","Distech Controls <4504449898>","12624241921","246.0","0.03","0.123",""
"2017-09-01 15:04:11","ANSWERED","4504449898","301","Distech Controls <4504449898>","12053130704","174.0","0.03","0.087",""
"2017-09-01 15:06:16","ANSWERED","4504449898","212","Distech Controls <4504449898>","15147177116","110.0","0.0","0.0",""
"2017-09-01 15:06:49","ANSWERED","4504449898","231","Distech Controls <4504449898>","15142821112","829.0","0.0","0.0",""
"2017-09-01 15:08:19","ANSWERED","4504449898","370","Distech Controls <4504449898>","12624241921","12.0","0.03","0.006",""
"2017-09-01 15:08:58","ANSWERED","4504449898","370","Distech Controls <4504449898>","12624241921","312.0","0.03","0.156",""
"2017-09-01 15:10:41","ANSWERED","4504449898","339","Distech Controls <4504449898>","13036199283","90.0","0.03","0.045",""
"2017-09-01 15:13:34","ANSWERED","4504449898","301","Distech Controls <4504449898>","14506928874","186.0","0.03","0.093",""
"2017-09-01 15:51:50","NO ANSWER","4504449898","221","Distech Controls <4504449898>","14502901111","1.0","0.0","0.0",""
"2017-09-01 15:52:42","ANSWERED","4504449898","301","Distech Controls <4504449898>","15149460628","59.0","0.0","0.0",""
"2017-09-01 15:53:41","ANSWERED","4504449898","224","Distech Controls <4504449898>","18005269723","188.0","0.0","0.0",""
"2017-09-01 16:12:05","ANSWERED","4504449898","370","Distech Controls <4504449898>","16027233782","294.0","0.03","0.147",""
"2017-09-01 16:20:34","ANSWERED","4504449898","221","Distech Controls <4504449898>","15145542549","158.0","0.0","0.0",""
"2017-09-01 16:21:35","ANSWERED","4504449898","338","Distech Controls <4504449898>","15147785679","378.0","0.0","0.0",""
"2017-09-01 16:24:26","ANSWERED","4504449898","259","Distech Controls <4504449898>","19728901252","702.0","0.03","0.351",""
"2017-09-01 16:25:43","ANSWERED","4504449898","333","Distech Controls <4504449898>","15144300077","87.0","0.0","0.0",""
"2017-09-01 16:29:34","ANSWERED","4504449898","225","Distech Controls <4504449898>","18886515908","204.0","0.0","0.0",""
"2017-09-01 16:37:38","ANSWERED","4504449898","306","Distech Controls <4504449898>","14508128483","35.0","0.0","0.0",""
"2017-09-01 16:47:16","ANSWERED","4504449898","288","Distech Controls <4504449898>","15148953445","89.0","0.0","0.0",""
"2017-09-01 16:52:50","ANSWERED","4504449898","247","Distech Controls <4504449898>","16159743553","6.0","0.03","0.003",""
"2017-09-01 17:03:03","ANSWERED","4504449898","247","Distech Controls <4504449898>","17605680300","354.0","0.03","0.177",""
"2017-09-01 20:06:15","NO ANSWER","4504449898","295","Distech Controls <4504449898>","12068981166","6.0","0.03","0.0",""
"2017-09-05 07:33:11","ANSWERED","4504449898","300","Distech Controls <4504449898>","17172224170","4758.0","0.03","2.379",""
"2017-09-05 07:50:41","ANSWERED","4504449898","373","Distech Controls <4504449898>","14504450577","17.0","0.0","0.0",""
"2017-09-05 07:51:14","ANSWERED","4504449898","373","Distech Controls <4504449898>","14504450577","143.0","0.0","0.0",""
"2017-09-05 08:02:52","ANSWERED","4504449898","345","Distech Controls <4504449898>","16023330021","2148.0","0.03","1.074",""
"2017-09-05 08:25:47","ANSWERED","4504449898","373","Distech Controls <4504449898>","14504450577","177.0","0.0","0.0",""
"2017-09-05 08:30:59","ANSWERED","4504449898","365","Distech Controls <4504449898>","14506590651","72.0","0.0","0.0",""
"2017-09-05 08:41:12","ANSWERED","4504449898","212","Distech Controls <4504449898>","14388863641","142.0","0.0","0.0",""
"2017-09-05 09:05:11","ANSWERED","4504449898","301","Distech Controls <4504449898>","14506927282","144.0","0.03","0.072",""
"2017-09-05 09:07:45","ANSWERED","4504449898","301","Distech Controls <4504449898>","14506918950","24.0","0.03","0.012",""
"2017-09-05 09:22:50","ANSWERED","4504449898","270","Distech Controls <4504449898>","14504449898","32.0","0.0","0.0",""
"2017-09-05 09:27:53","ANSWERED","4504449898","270","Distech Controls <4504449898>","14504449898","22.0","0.0","0.0",""
"2017-09-05 09:29:43","ANSWERED","4504449898","336","Distech Controls <4504449898>","16023330021","2376.0","0.03","1.188",""
"2017-09-05 09:30:39","ANSWERED","4504449898","270","Distech Controls <4504449898>","14504449898","11.0","0.0","0.0",""
"2017-09-05 09:31:40","NO ANSWER","4504449898","319","Distech Controls <4504449898>","18886515908","1.0","0.0","0.0",""
"2017-09-05 09:40:03","ANSWERED","4504449898","270","Distech Controls <4504449898>","15149073400","818.0","0.0","0.0",""
"2017-09-05 09:41:29","ANSWERED","4504449898","295","Distech Controls <4504449898>","12068981166","1176.0","0.03","0.588",""
"2017-09-05 10:07:23","ANSWERED","4504449898","233","Distech Controls <4504449898>","15148878928","185.0","0.0","0.0",""
"2017-09-05 10:12:03","ANSWERED","0000000000","0000000000","0EN-Unavailable <0000000000>","12154445200","12.0","0.03","0.006",""
"2017-09-05 10:15:41","ANSWERED","4504449898","206","Distech Controls <4504449898>","18553457447","233.0","0.0","0.0",""
"2017-09-05 10:19:13","ANSWERED","4504449898","243","Distech Controls <4504449898>","18004633339","440.0","0.0","0.0",""
"2017-09-05 10:19:55","ANSWERED","4504449898","206","Distech Controls <4504449898>","18553457447","392.0","0.0","0.0",""
"2017-09-05 10:20:04","NO ANSWER","4504449898","5142341222","Distech Controls <4504449898>","15142486249","1.0","0.0","0.0",""
"2017-09-05 10:21:31","NO ANSWER","4504449898","244","Distech Controls <4504449898>","15142486249","1.0","0.0","0.0",""
"2017-09-05 10:21:55","ANSWERED","4504449898","257","Distech Controls <4504449898>","19078306879","42.0","0.03","0.021",""
"2017-09-05 10:23:47","NO ANSWER","4504449898","318","Distech Controls <4504449898>","16479906153","6.0","0.03","0.0",""
"2017-09-05 10:29:54","ANSWERED","4504449898","347","Distech Controls <4504449898>","16023330021","978.0","0.03","0.489",""
"2017-09-05 10:36:47","ANSWERED","4504449898","239","Distech Controls <4504449898>","14508137323","192.0","0.03","0.096",""
"2017-09-05 10:44:29","ANSWERED","4504449898","243","Distech Controls <4504449898>","15142247737","300.0","0.0","0.0",""
"2017-09-05 10:47:35","ANSWERED","4504449898","5149263614","Distech Controls <4504449898>","15142486249","60.0","0.0","0.0",""
"2017-09-05 10:51:16","ANSWERED","4504449898","239","Distech Controls <4504449898>","14508137323","108.0","0.03","0.054",""
"2017-09-05 11:01:11","NO ANSWER","4504449898","273","Distech Controls <4504449898>","18886515908","1.0","0.0","0.0",""
"2017-09-05 11:01:19","NO ANSWER","4504449898","273","Distech Controls <4504449898>","18886515908","1.0","0.0","0.0",""
"2017-09-05 11:01:46","NO ANSWER","4504449898","297","Distech Controls <4504449898>","18886515908","1.0","0.0","0.0",""
"2017-09-05 11:01:58","ANSWERED","4504449898","297","Distech Controls <4504449898>","18886515908","1012.0","0.0","0.0",""
"2017-09-05 11:02:44","NO ANSWER","4504449898","273","Distech Controls <4504449898>","18886515908","1.0","0.0","0.0",""
"2017-09-05 11:03:04","ANSWERED","4504449898","273","Distech Controls <4504449898>","18886515908","1343.0","0.0","0.0",""
"2017-09-05 11:06:18","NO ANSWER","4504449898","244","Distech Controls <4504449898>","15142486249","1.0","0.0","0.0",""
"2017-09-05 11:06:30","ANSWERED","4504449898","301","Distech Controls <4504449898>","14506990000","6.0","0.03","0.003",""
"2017-09-05 11:15:08","ANSWERED","4504449898","347","Distech Controls <4504449898>","16023330022","6.0","0.03","0.003",""
"2017-09-05 11:15:19","ANSWERED","4504449898","347","Distech Controls <4504449898>","16023330021","2586.0","0.03","1.293",""
"2017-09-05 11:17:03","ANSWERED","4504449898","257","Distech Controls <4504449898>","14504454555","64.0","0.0","0.0",""
"2017-09-05 11:21:01","ANSWERED","4504449898","291","Distech Controls <4504449898>","15149425511","109.0","0.0","0.0",""
"2017-09-05 11:21:41","ANSWERED","4504449898","363","Distech Controls <4504449898>","15145133344","68.0","0.0","0.0",""
"2017-09-05 11:24:55","ANSWERED","4504449898","257","Distech Controls <4504449898>","15143952555","280.0","0.0","0.0",""
"2017-09-05 11:39:59","ANSWERED","4504449898","333","Distech Controls <4504449898>","15143645229","17.0","0.0","0.0",""
"2017-09-05 11:45:11","NO ANSWER","4504449898","370","Distech Controls <4504449898>","12396710694","6.0","0.03","0.0",""
"2017-09-05 11:51:06","NO ANSWER","4504449898","373","Distech Controls <4504449898>","14504676618","6.0","0.03","0.0",""
"2017-09-05 11:54:48","ANSWERED","4504449898","370","Distech Controls <4504449898>","12396710694","12.0","0.03","0.006",""
"2017-09-05 11:57:16","ANSWERED","4504449898","306","Distech Controls <4504449898>","14506562986","213.0","0.0","0.0",""
"2017-09-05 11:57:27","ANSWERED","4504449898","292","Distech Controls <4504449898>","12035214450","198.0","0.03","0.099",""
"2017-09-05 12:02:01","NO ANSWER","4504449898","370","Distech Controls <4504449898>","12396710694","6.0","0.03","0.0",""
"2017-09-05 12:02:08","ANSWERED","4504449898","370","Distech Controls <4504449898>","12396710694","90.0","0.03","0.045",""
"2017-09-05 12:04:39","NO ANSWER","4504449898","259","Distech Controls <4504449898>","18645396009","6.0","0.03","0.0",""
"2017-09-05 12:05:19","ANSWERED","4504449898","225","Distech Controls <4504449898>","16467493112","48.0","0.03","0.024",""
"2017-09-05 12:07:20","ANSWERED","4504449898","243","Distech Controls <4504449898>","13017894941","156.0","0.03","0.078",""
"2017-09-05 12:15:06","ANSWERED","4504449898","333","Distech Controls <4504449898>","14504443132","25.0","0.0","0.0",""
"2017-09-05 12:15:37","ANSWERED","4504449898","333","Distech Controls <4504449898>","14504443132","85.0","0.0","0.0",""
"2017-09-05 12:16:27","ANSWERED","4504449898","300","Distech Controls <4504449898>","12485889260","54.0","0.03","0.027",""
"2017-09-05 12:21:36","ANSWERED","4504449898","228","Distech Controls <4504449898>","14506569695","68.0","0.0","0.0",""
"2017-09-05 12:24:23","NO ANSWER","4504449898","244","Distech Controls <4504449898>","15142486249","1.0","0.0","0.0",""
"2017-09-05 12:28:32","ANSWERED","4504449898","243","Distech Controls <4504449898>","14167083863","246.0","0.03","0.123",""
"2017-09-05 12:29:08","ANSWERED","4504449898","333","Distech Controls <4504449898>","14506356959","36.0","0.0","0.0",""
"2017-09-05 12:30:03","ANSWERED","4504449898","333","Distech Controls <4504449898>","14506356959","7.0","0.0","0.0",""
"2017-09-05 12:33:06","ANSWERED","4504449898","333","Distech Controls <4504449898>","14506356959","21.0","0.0","0.0",""
"2017-09-05 12:37:24","ANSWERED","4504449898","295","Distech Controls <4504449898>","14252136764","42.0","0.03","0.021",""
"2017-09-05 12:38:19","ANSWERED","4504449898","295","Distech Controls <4504449898>","16122268997","786.0","0.03","0.393",""
"2017-09-05 12:49:03","ANSWERED","4504449898","243","Distech Controls <4504449898>","14506724010","116.0","0.0","0.0",""
"2017-09-05 12:52:30","ANSWERED","4504449898","243","Distech Controls <4504449898>","14506762011","62.0","0.0","0.0",""
"2017-09-05 13:00:45","ANSWERED","4504449898","333","Distech Controls <4504449898>","15147612772","54.0","0.0","0.0",""
"2017-09-05 13:01:56","ANSWERED","4504449898","370","Distech Controls <4504449898>","16027233782","2268.0","0.03","1.134",""
"2017-09-05 13:09:04","ANSWERED","4504449898","333","Distech Controls <4504449898>","14506356959","169.0","0.0","0.0",""
"2017-09-05 13:17:52","ANSWERED","4504449898","373","Distech Controls <4504449898>","14504676618","150.0","0.03","0.075",""
"2017-09-05 13:33:26","ANSWERED","4504449898","225","Distech Controls <4504449898>","18886515908","9.0","0.0","0.0",""
"2017-09-05 13:33:42","ANSWERED","4504449898","225","Distech Controls <4504449898>","18886515908","3589.0","0.0","0.0",""
"2017-09-05 13:49:37","ANSWERED","4504449898","221","Distech Controls <4504449898>","14506704390","220.0","0.0","0.0",""
"2017-09-05 13:49:57","ANSWERED","4504449898","206","Distech Controls <4504449898>","14506539000","432.0","0.03","0.216",""
"2017-09-05 14:07:00","ANSWERED","4504449898","257","Distech Controls <4504449898>","19078306879","18.0","0.03","0.009",""
"2017-09-05 14:17:58","ANSWERED","4504449898","259","Distech Controls <4504449898>","14167083863","36.0","0.03","0.018",""
"2017-09-05 14:25:39","ANSWERED","4504449898","257","Distech Controls <4504449898>","19078306879","12.0","0.03","0.006",""
"2017-09-05 14:43:11","ANSWERED","4504449898","266","Distech Controls <4504449898>","18883857252","532.0","0.0","0.0",""
"2017-09-05 14:48:47","ANSWERED","4504449898","259","Distech Controls <4504449898>","19728901252","30.0","0.03","0.015",""
"2017-09-05 14:49:18","ANSWERED","4504449898","242","Distech Controls <4504449898>","17206249671","234.0","0.03","0.117",""
"2017-09-05 14:52:31","NO ANSWER","4504449898","259","Distech Controls <4504449898>","18645396009","6.0","0.03","0.0",""
"2017-09-05 14:52:59","NO ANSWER","4504449898","9728901252","Distech Controls <4504449898>","15142486249","1.0","0.0","0.0",""
"2017-09-05 14:57:30","ANSWERED","4504449898","301","Distech Controls <4504449898>","14506990000","432.0","0.03","0.216",""
"2017-09-05 15:17:04","ANSWERED","4504449898","301","Distech Controls <4504449898>","14506990000","444.0","0.03","0.222",""
"2017-09-05 15:24:53","ANSWERED","4504449898","224","Distech Controls <4504449898>","15145012410","153.0","0.0","0.0",""
"2017-09-05 15:33:58","ANSWERED","4504449898","225","Distech Controls <4504449898>","18886515908","856.0","0.0","0.0",""
"2017-09-05 15:35:00","ANSWERED","4504449898","244","Distech Controls <4504449898>","17045538510","408.0","0.03","0.204",""
"2017-09-05 15:35:04","ANSWERED","4504449898","301","Distech Controls <4504449898>","15149460628","51.0","0.0","0.0",""
"2017-09-05 15:41:40","ANSWERED","4504449898","259","Distech Controls <4504449898>","15142331670","569.0","0.0","0.0",""
"2017-09-05 15:43:40","ANSWERED","4504449898","244","Distech Controls <4504449898>","14506539653","42.0","0.03","0.021",""
"2017-09-05 15:45:27","ANSWERED","4504449898","306","Distech Controls <4504449898>","14506562986","3.0","0.0","0.0",""
"2017-09-05 15:49:58","ANSWERED","4504449898","244","Distech Controls <4504449898>","15102592547","18.0","0.03","0.009",""
"2017-09-05 15:50:54","ANSWERED","4504449898","244","Distech Controls <4504449898>","15107551153","6.0","0.03","0.003",""
"2017-09-05 15:55:29","ANSWERED","4504449898","374","Distech Controls <4504449898>","14156550045","66.0","0.03","0.033",""
"2017-09-05 15:56:14","NO ANSWER","4504449898","5148663232","Distech Controls <4504449898>","15142486249","1.0","0.0","0.0",""
"2017-09-05 15:56:50","ANSWERED","4504449898","374","Distech Controls <4504449898>","14156550045","66.0","0.03","0.033",""
"2017-09-05 15:58:11","ANSWERED","4504449898","374","Distech Controls <4504449898>","14156550045","2106.0","0.03","1.053",""
"2017-09-05 15:59:29","ANSWERED","4504449898","244","Distech Controls <4504449898>","15108717429","468.0","0.03","0.234",""
"2017-09-05 16:04:46","ANSWERED","4504449898","369","Distech Controls <4504449898>","13464109646","12.0","0.03","0.006",""
"2017-09-05 16:08:07","NO ANSWER","4504449898","4167083863","Distech Controls <4504449898>","15142486249","1.0","0.0","0.0",""
"2017-09-05 16:36:58","ANSWERED","4504449898","308","Distech Controls <4504449898>","15148862968","5.0","0.0","0.0",""
"2017-09-05 16:41:52","NO ANSWER","4504449898","6824729542","Distech Controls <4504449898>","15142486249","1.0","0.0","0.0",""
"2017-09-05 16:55:51","ANSWERED","4504449898","235","Distech Controls <4504449898>","15149269498","28.0","0.0","0.0",""
"2017-09-05 16:57:43","ANSWERED","4504449898","235","Distech Controls <4504449898>","15149269498","3.0","0.0","0.0",""
"2017-09-05 17:02:53","ANSWERED","4504449898","231","Distech Controls <4504449898>","16137405900","210.0","0.03","0.105",""
"2017-09-05 17:08:43","ANSWERED","4504449898","308","Distech Controls <4504449898>","15148862968","4.0","0.0","0.0",""
"2017-09-05 17:09:23","ANSWERED","4504449898","308","Distech Controls <4504449898>","15148862968","6.0","0.0","0.0",""
"2017-09-05 17:16:27","ANSWERED","4504449898","244","Distech Controls <4504449898>","15743125229","72.0","0.03","0.036",""
"2017-09-05 17:23:04","ANSWERED","4504449898","399","Distech Controls <4504449898>","15142984905","119.0","0.0","0.0",""
"2017-09-05 17:51:52","ANSWERED","4504449898","306","Distech Controls <4504449898>","14506562986","205.0","0.0","0.0",""
"2017-09-05 18:27:56","ANSWERED","4504449898","370","Distech Controls <4504449898>","17206249671","84.0","0.03","0.042",""
"2017-09-06 07:54:24","ANSWERED","4504449898","202","Distech Controls <4504449898>","18552995224","3747.0","0.0","0.0",""
"2017-09-06 08:44:15","ANSWERED","4504449898","301","Distech Controls <4504449898>","17045538510","102.0","0.03","0.051",""
"2017-09-06 08:53:03","ANSWERED","4504449898","291","Distech Controls <4504449898>","15145420692","330.0","0.03","0.165",""
"2017-09-06 08:57:57","ANSWERED","4504449898","202","Distech Controls <4504449898>","16312674890","5700.0","0.03","2.85",""
"2017-09-06 08:59:23","ANSWERED","4504449898","402","Distech Controls <4504449898>","18552995224","62.0","0.0","0.0",""
"2017-09-06 09:01:02","ANSWERED","4504449898","402","Distech Controls <4504449898>","18552995224","5505.0","0.0","0.0",""
"2017-09-06 09:08:16","ANSWERED","4504449898","206","Distech Controls <4504449898>","14506539000","462.0","0.03","0.231",""
"2017-09-06 09:10:50","ANSWERED","4504449898","294","Distech Controls <4504449898>","18665862919","1277.0","0.0","0.0",""
"2017-09-06 09:13:46","ANSWERED","4504449898","243","Distech Controls <4504449898>","18004633339","21.0","0.0","0.0",""
"2017-09-06 09:24:04","ANSWERED","4504449898","243","Distech Controls <4504449898>","18004633339","384.0","0.0","0.0",""
"2017-09-06 09:24:42","ANSWERED","4504449898","206","Distech Controls <4504449898>","14506539000","72.0","0.03","0.036",""
"2017-09-06 09:26:35","ANSWERED","4504449898","235","Distech Controls <4504449898>","15149231212","51.0","0.0","0.0",""
"2017-09-06 09:28:17","ANSWERED","4504449898","244","Distech Controls <4504449898>","15142486249","28.0","0.0","0.0",""
"2017-09-06 09:32:52","ANSWERED","4504449898","363","Distech Controls <4504449898>","14504440214","103.0","0.0","0.0",""
"2017-09-06 09:46:57","ANSWERED","4504449898","368","Distech Controls <4504449898>","14156550045","30.0","0.03","0.015",""
"2017-09-06 09:48:03","ANSWERED","4504449898","368","Distech Controls <4504449898>","14156550045","1242.0","0.03","0.621",""
"2017-09-06 09:49:39","ANSWERED","4504449898","0000000000","Distech Controls <4504449898>","15142486249","200.0","0.0","0.0",""
"2017-09-06 09:55:48","NO ANSWER","4504449898","295","Distech Controls <4504449898>","15107551153","6.0","0.03","0.0",""
"2017-09-06 10:03:28","ANSWERED","4504449898","235","Distech Controls <4504449898>","18554771170","811.0","0.0","0.0",""
"2017-09-06 10:05:41","ANSWERED","4504449898","266","Distech Controls <4504449898>","16142946216","168.0","0.03","0.084",""
"2017-09-06 10:09:57","ANSWERED","4504449898","228","Distech Controls <4504449898>","14506569695","55.0","0.0","0.0",""
"2017-09-06 10:11:14","ANSWERED","4504449898","284","Distech Controls <4504449898>","15143763330","32.0","0.0","0.0",""
"2017-09-06 10:18:30","ANSWERED","4504449898","300","Distech Controls <4504449898>","14044148929","1098.0","0.03","0.549",""
"2017-09-06 10:21:14","ANSWERED","4504449898","294","Distech Controls <4504449898>","15147338216","76.0","0.0","0.0",""
"2017-09-06 10:25:37","ANSWERED","4504449898","257","Distech Controls <4504449898>","15623410708","12.0","0.03","0.006",""
"2017-09-06 10:29:26","ANSWERED","4504449898","370","Distech Controls <4504449898>","15136754728","66.0","0.03","0.033",""
"2017-09-06 10:36:10","ANSWERED","4504449898","306","Distech Controls <4504449898>","14388630574","378.0","0.0","0.0",""
"2017-09-06 10:51:47","ANSWERED","4504449898","244","Distech Controls <4504449898>","14506539653","12.0","0.03","0.006",""
"2017-09-06 10:52:21","BUSY","4504449898","244","Distech Controls <4504449898>","14506539653","6.0","0.03","0.0",""
"2017-09-06 10:55:37","ANSWERED","4504449898","369","Distech Controls <4504449898>","18007425877","77.0","0.0","0.0",""
"2017-09-06 10:58:13","ANSWERED","4504449898","244","Distech Controls <4504449898>","14506767500","217.0","0.0","0.0",""
"2017-09-06 10:59:34","ANSWERED","4504449898","369","Distech Controls <4504449898>","13362739587","240.0","0.03","0.12",""
"2017-09-06 11:14:49","ANSWERED","4504449898","284","Distech Controls <4504449898>","14504637100","208.0","0.0","0.0",""
"2017-09-06 11:15:26","ANSWERED","4504449898","347","Distech Controls <4504449898>","16023330021","2706.0","0.03","1.353",""
"2017-09-06 11:17:34","ANSWERED","4504449898","233","Distech Controls <4504449898>","14504655589","428.0","0.0","0.0",""
"2017-09-06 11:21:18","NO ANSWER","4504449898","244","Distech Controls <4504449898>","15198663930","6.0","0.06","0.0",""
"2017-09-06 11:21:35","ANSWERED","4504449898","244","Distech Controls <4504449898>","15196886363","132.0","0.03","0.066",""
"2017-09-06 11:45:57","ANSWERED","4504449898","224","Distech Controls <4504449898>","15145012410","5.0","0.0","0.0",""
"2017-09-06 11:49:46","BUSY","4504449898","333","Distech Controls <4504449898>","15143645229","1.0","0.0","0.0",""
"2017-09-06 11:49:54","BUSY","4504449898","333","Distech Controls <4504449898>","15143645229","1.0","0.0","0.0",""
"2017-09-06 11:50:04","BUSY","4504449898","333","Distech Controls <4504449898>","15143645229","1.0","0.0","0.0",""
"2017-09-06 11:50:09","BUSY","4504449898","333","Distech Controls <4504449898>","15143645229","1.0","0.0","0.0",""
"2017-09-06 11:50:14","BUSY","4504449898","333","Distech Controls <4504449898>","15143645229","1.0","0.0","0.0",""
"2017-09-06 11:50:19","BUSY","4504449898","333","Distech Controls <4504449898>","15143645229","1.0","0.0","0.0",""
"2017-09-06 11:50:24","BUSY","4504449898","333","Distech Controls <4504449898>","15143645229","1.0","0.0","0.0",""
"2017-09-06 11:50:30","BUSY","4504449898","333","Distech Controls <4504449898>","15143645229","1.0","0.0","0.0",""
"2017-09-06 11:50:34","BUSY","4504449898","333","Distech Controls <4504449898>","15143645229","1.0","0.0","0.0",""
"2017-09-06 11:50:40","BUSY","4504449898","333","Distech Controls <4504449898>","15143645229","1.0","0.0","0.0",""
"2017-09-06 11:50:43","ANSWERED","4504449898","370","Distech Controls <4504449898>","19022400547","1932.0","0.03","0.966",""
"2017-09-06 11:50:44","BUSY","4504449898","333","Distech Controls <4504449898>","15143645229","1.0","0.0","0.0",""
"2017-09-06 11:50:49","BUSY","4504449898","333","Distech Controls <4504449898>","15143645229","1.0","0.0","0.0",""
"2017-09-06 11:50:53","BUSY","4504449898","333","Distech Controls <4504449898>","15143645229","1.0","0.0","0.0",""
"2017-09-06 11:50:58","BUSY","4504449898","333","Distech Controls <4504449898>","15143645229","1.0","0.0","0.0",""
"2017-09-06 11:51:02","BUSY","4504449898","333","Distech Controls <4504449898>","15143645229","1.0","0.0","0.0",""
"2017-09-06 11:51:06","BUSY","4504449898","333","Distech Controls <4504449898>","15143645229","1.0","0.0","0.0",""
"2017-09-06 11:51:11","BUSY","4504449898","333","Distech Controls <4504449898>","15143645229","1.0","0.0","0.0",""
"2017-09-06 11:51:16","BUSY","4504449898","333","Distech Controls <4504449898>","15143645229","1.0","0.0","0.0",""
"2017-09-06 11:51:20","BUSY","4504449898","333","Distech Controls <4504449898>","15143645229","1.0","0.0","0.0",""
"2017-09-06 11:51:25","BUSY","4504449898","333","Distech Controls <4504449898>","15143645229","1.0","0.0","0.0",""
"2017-09-06 11:51:29","BUSY","4504449898","333","Distech Controls <4504449898>","15143645229","1.0","0.0","0.0",""
"2017-09-06 11:51:33","BUSY","4504449898","333","Distech Controls <4504449898>","15143645229","1.0","0.0","0.0",""
"2017-09-06 11:51:37","BUSY","4504449898","333","Distech Controls <4504449898>","15143645229","1.0","0.0","0.0",""
"2017-09-06 11:51:41","BUSY","4504449898","333","Distech Controls <4504449898>","15143645229","1.0","0.0","0.0",""
"2017-09-06 11:51:45","BUSY","4504449898","333","Distech Controls <4504449898>","15143645229","1.0","0.0","0.0",""
"2017-09-06 11:51:49","BUSY","4504449898","333","Distech Controls <4504449898>","15143645229","1.0","0.0","0.0",""
"2017-09-06 11:51:54","BUSY","4504449898","333","Distech Controls <4504449898>","15143645229","1.0","0.0","0.0",""
"2017-09-06 11:51:59","BUSY","4504449898","333","Distech Controls <4504449898>","15143645229","1.0","0.0","0.0",""
"2017-09-06 11:52:03","BUSY","4504449898","333","Distech Controls <4504449898>","15143645229","1.0","0.0","0.0",""
"2017-09-06 11:52:08","BUSY","4504449898","333","Distech Controls <4504449898>","15143645229","1.0","0.0","0.0",""
"2017-09-06 11:52:12","BUSY","4504449898","333","Distech Controls <4504449898>","15143645229","1.0","0.0","0.0",""
"2017-09-06 11:52:18","BUSY","4504449898","333","Distech Controls <4504449898>","15143645229","1.0","0.0","0.0",""
"2017-09-06 11:52:22","BUSY","4504449898","333","Distech Controls <4504449898>","15143645229","1.0","0.0","0.0",""
"2017-09-06 11:52:27","BUSY","4504449898","333","Distech Controls <4504449898>","15143645229","1.0","0.0","0.0",""
"2017-09-06 11:52:31","BUSY","4504449898","333","Distech Controls <4504449898>","15143645229","1.0","0.0","0.0",""
"2017-09-06 11:52:38","BUSY","4504449898","333","Distech Controls <4504449898>","15143645229","1.0","0.0","0.0",""
"2017-09-06 11:52:43","BUSY","4504449898","333","Distech Controls <4504449898>","15143645229","1.0","0.0","0.0",""
"2017-09-06 11:52:51","BUSY","4504449898","333","Distech Controls <4504449898>","15143645229","1.0","0.0","0.0",""
"2017-09-06 11:53:00","BUSY","4504449898","333","Distech Controls <4504449898>","15143645229","1.0","0.0","0.0",""
"2017-09-06 11:53:06","BUSY","4504449898","333","Distech Controls <4504449898>","15143645229","1.0","0.0","0.0",""
"2017-09-06 11:53:10","BUSY","4504449898","333","Distech Controls <4504449898>","15143645229","1.0","0.0","0.0",""
"2017-09-06 11:53:15","BUSY","4504449898","333","Distech Controls <4504449898>","15143645229","1.0","0.0","0.0",""
"2017-09-06 11:54:35","BUSY","4504449898","333","Distech Controls <4504449898>","15143645229","1.0","0.0","0.0",""
"2017-09-06 11:55:21","BUSY","4504449898","333","Distech Controls <4504449898>","15143645229","1.0","0.0","0.0",""
"2017-09-06 11:55:26","BUSY","4504449898","333","Distech Controls <4504449898>","15143645229","1.0","0.0","0.0",""
"2017-09-06 11:55:30","BUSY","4504449898","333","Distech Controls <4504449898>","15143645229","1.0","0.0","0.0",""
"2017-09-06 11:58:33","BUSY","4504449898","333","Distech Controls <4504449898>","15143645229","1.0","0.0","0.0",""
"2017-09-06 12:08:13","ANSWERED","4504449898","373","Distech Controls <4504449898>","14504450577","46.0","0.0","0.0",""
"2017-09-06 12:11:46","ANSWERED","4504449898","244","Distech Controls <4504449898>","14506539653","54.0","0.03","0.027",""
"2017-09-06 12:17:15","ANSWERED","4504449898","306","Distech Controls <4504449898>","15142441277","416.0","0.0","0.0",""
"2017-09-06 12:20:58","ANSWERED","4504449898","228","Distech Controls <4504449898>","14506569695","50.0","0.0","0.0",""
"2017-09-06 12:32:55","ANSWERED","4504449898","306","Distech Controls <4504449898>","14506562986","984.0","0.0","0.0",""
"2017-09-06 12:56:34","ANSWERED","4504449898","245","Distech Controls <4504449898>","14504689333","72.0","0.0","0.0",""
"2017-09-06 12:58:10","ANSWERED","4504449898","245","Distech Controls <4504449898>","14504689333","128.0","0.0","0.0",""
"2017-09-06 12:59:24","ANSWERED","4504449898","306","Distech Controls <4504449898>","14506744111","80.0","0.0","0.0",""
"2017-09-06 13:01:06","ANSWERED","4504449898","306","Distech Controls <4504449898>","14506562986","33.0","0.0","0.0",""
"2017-09-06 13:06:22","ANSWERED","4504449898","249","Distech Controls <4504449898>","17708602497","6.0","0.03","0.003",""
"2017-09-06 13:06:51","ANSWERED","4504449898","249","Distech Controls <4504449898>","14046178786","108.0","0.03","0.054",""
"2017-09-06 13:23:21","ANSWERED","4504449898","333","Distech Controls <4504449898>","15143645229","102.0","0.0","0.0",""
"2017-09-06 13:24:30","ANSWERED","4504449898","206","Distech Controls <4504449898>","15142455715","46.0","0.0","0.0",""
"2017-09-06 13:36:28","ANSWERED","4504449898","224","Distech Controls <4504449898>","12246196124","60.0","0.03","0.03",""
"2017-09-06 13:38:09","ANSWERED","4504449898","224","Distech Controls <4504449898>","18472964000","762.0","0.03","0.381",""
"2017-09-06 13:48:05","ANSWERED","4504449898","295","Distech Controls <4504449898>","15107551153","48.0","0.03","0.024",""
"2017-09-06 13:50:44","ANSWERED","4504449898","280","Distech Controls <4504449898>","16023330021","12.0","0.03","0.006",""
"2017-09-06 13:53:28","ANSWERED","4504449898","318","Distech Controls <4504449898>","15142486249","111.0","0.0","0.0",""
"2017-09-06 13:55:50","ANSWERED","4504449898","323","Distech Controls <4504449898>","18005615611","188.0","0.0","0.0",""
"2017-09-06 13:56:29","ANSWERED","4504449898","242","Distech Controls <4504449898>","14506475958","4.0","0.0","0.0",""
"2017-09-06 13:58:31","ANSWERED","4504449898","345","Distech Controls <4504449898>","16023330021","990.0","0.03","0.495",""
"2017-09-06 14:00:15","ANSWERED","4504449898","280","Distech Controls <4504449898>","16023330021","1608.0","0.03","0.804",""
"2017-09-06 14:02:25","ANSWERED","0000000000","242","Unavailable <0000000000>","15145743554","12.0","0.0","0.0",""
"2017-09-06 14:02:29","ANSWERED","4504449898","298","Distech Controls <4504449898>","16023330021","42.0","0.03","0.021",""
"2017-09-06 14:17:46","ANSWERED","4504449898","224","Distech Controls <4504449898>","16023330021","30.0","0.03","0.015",""
"2017-09-06 14:18:56","ANSWERED","4504449898","339","Distech Controls <4504449898>","17032615196","12.0","0.03","0.006",""
"2017-09-06 14:23:23","ANSWERED","4504449898","363","Distech Controls <4504449898>","14506321320","199.0","0.0","0.0",""
"2017-09-06 14:25:21","ANSWERED","4504449898","339","Distech Controls <4504449898>","17032615196","42.0","0.03","0.021",""
"2017-09-06 14:30:40","ANSWERED","4504449898","333","Distech Controls <4504449898>","14504634114","874.0","0.0","0.0",""
"2017-09-06 14:37:18","ANSWERED","4504449898","204","Distech Controls <4504449898>","19163562663","3144.0","0.03","1.572",""
"2017-09-06 15:01:08","ANSWERED","4504449898","409","Distech Controls <4504449898>","14084021105","72.0","0.03","0.036",""
"2017-09-06 15:06:48","ANSWERED","4504449898","409","Distech Controls <4504449898>","17045538510","72.0","0.03","0.036",""
"2017-09-06 15:10:48","ANSWERED","4504449898","266","Distech Controls <4504449898>","19722436884","498.0","0.03","0.249",""
"2017-09-06 15:15:46","ANSWERED","4504449898","244","Distech Controls <4504449898>","12487148181","84.0","0.03","0.042",""
"2017-09-06 15:16:33","ANSWERED","4504449898","301","Distech Controls <4504449898>","18004824894","139.0","0.0","0.0",""
"2017-09-06 15:23:16","ANSWERED","4504449898","409","Distech Controls <4504449898>","17045741628","66.0","0.03","0.033",""
"2017-09-06 15:31:28","ANSWERED","4504449898","266","Distech Controls <4504449898>","16266102340","90.0","0.03","0.045",""
"2017-09-06 15:33:55","ANSWERED","4504449898","224","Distech Controls <4504449898>","12246196124","156.0","0.03","0.078",""
"2017-09-06 15:33:59","ANSWERED","4504449898","301","Distech Controls <4504449898>","15149460628","27.0","0.0","0.0",""
"2017-09-06 15:52:51","ANSWERED","4504449898","266","Distech Controls <4504449898>","18019894802","48.0","0.03","0.024",""
"2017-09-06 16:05:48","ANSWERED","4504449898","345","Distech Controls <4504449898>","14157157443","42.0","0.03","0.021",""
"2017-09-06 16:07:26","ANSWERED","4504449898","349","Distech Controls <4504449898>","14503596411","498.0","0.03","0.249",""
"2017-09-06 16:16:25","ANSWERED","4504449898","301","Distech Controls <4504449898>","14506913438","42.0","0.03","0.021",""
"2017-09-06 16:17:53","ANSWERED","4504449898","301","Distech Controls <4504449898>","15149460628","21.0","0.0","0.0",""
"2017-09-06 16:19:10","ANSWERED","4504449898","318","Distech Controls <4504449898>","14166756622","114.0","0.03","0.057",""
"2017-09-06 16:21:31","ANSWERED","4504449898","206","Distech Controls <4504449898>","15149231212","2.0","0.0","0.0",""
"2017-09-06 16:27:19","ANSWERED","4504449898","365","Distech Controls <4504449898>","16023330021","3414.0","0.03","1.707",""
"2017-09-06 16:33:22","ANSWERED","4504449898","276","Distech Controls <4504449898>","16023330021","2958.0","0.03","1.479",""
"2017-09-06 16:38:54","ANSWERED","4504449898","301","Distech Controls <4504449898>","19728901252","300.0","0.03","0.15",""
"2017-09-06 16:47:15","ANSWERED","4504449898","301","Distech Controls <4504449898>","14803779255","18.0","0.03","0.009",""
"2017-09-06 16:56:01","ANSWERED","4504449898","306","Distech Controls <4504449898>","14506562986","96.0","0.0","0.0",""
"2017-09-06 16:56:49","ANSWERED","4504449898","235","Distech Controls <4504449898>","15149269498","1073.0","0.0","0.0",""
"2017-09-06 17:18:32","ANSWERED","4504449898","368","Distech Controls <4504449898>","17038502076","6.0","0.03","0.003",""
"2017-09-06 17:18:46","ANSWERED","4504449898","368","Distech Controls <4504449898>","17038502076","606.0","0.03","0.303",""
"2017-09-06 17:19:32","ANSWERED","4504449898","270","Distech Controls <4504449898>","15144836686","575.0","0.0","0.0",""
"2017-09-06 17:29:54","ANSWERED","4504449898","244","Distech Controls <4504449898>","14506539653","18.0","0.03","0.009",""
"2017-09-06 17:31:52","ANSWERED","4504449898","318","Distech Controls <4504449898>","18557979480","2484.0","0.0","0.0",""
"2017-09-06 18:06:37","ANSWERED","4504449898","333","Distech Controls <4504449898>","14506356959","155.0","0.0","0.0",""
"2017-09-06 18:58:07","ANSWERED","4504449898","308","Distech Controls <4504449898>","14506768886","60.0","0.0","0.0",""
"2017-09-07 08:01:10","ANSWERED","4504449898","363","Distech Controls <4504449898>","15148421887","399.0","0.0","0.0",""
"2017-09-07 08:08:30","ANSWERED","4504449898","249","Distech Controls <4504449898>","14506452940","75.0","0.0","0.0",""
"2017-09-07 08:29:33","ANSWERED","4504449898","333","Distech Controls <4504449898>","16023330021","1044.0","0.03","0.522",""
"2017-09-07 08:37:58","ANSWERED","4504449898","399","Distech Controls <4504449898>","15147054104","224.0","0.0","0.0",""
"2017-09-07 08:40:48","ANSWERED","4504449898","276","Distech Controls <4504449898>","16023330021","1680.0","0.03","0.84",""
"2017-09-07 08:43:00","ANSWERED","4504449898","275","Distech Controls <4504449898>","15142122529","61.0","0.0","0.0",""
"2017-09-07 08:58:59","ANSWERED","4504449898","228","Distech Controls <4504449898>","14506562986","12.0","0.0","0.0",""
"2017-09-07 09:07:24","ANSWERED","4504449898","298","Distech Controls <4504449898>","15143335700","567.0","0.0","0.0",""
"2017-09-07 09:19:05","ANSWERED","4504449898","410","Distech Controls <4504449898>","14503493585","24.0","0.03","0.012",""
"2017-09-07 09:23:39","ANSWERED","4504449898","255","Distech Controls <4504449898>","14503594444","36.0","0.03","0.018",""
"2017-09-07 09:25:10","NO ANSWER","4504449898","318","Distech Controls <4504449898>","15142486249","1.0","0.0","0.0",""
"2017-09-07 09:31:09","NO ANSWER","4504449898","318","Distech Controls <4504449898>","13033603339","6.0","0.03","0.0",""
"2017-09-07 09:31:24","ANSWERED","4504449898","318","Distech Controls <4504449898>","13093603339","666.0","0.03","0.333",""
"2017-09-07 09:31:27","ANSWERED","4504449898","339","Distech Controls <4504449898>","19192398770","12.0","0.03","0.006",""
"2017-09-07 09:35:45","NO ANSWER","4504449898","333","Distech Controls <4504449898>","14504634114","1.0","0.0","0.0",""
"2017-09-07 09:41:33","ANSWERED","4504449898","408","Distech Controls <4504449898>","15818884665","42.0","0.03","0.021",""
"2017-09-07 09:57:25","ANSWERED","4504449898","277","Distech Controls <4504449898>","15144533333","240.0","0.03","0.12",""
"2017-09-07 10:00:01","ANSWERED","4504449898","333","Distech Controls <4504449898>","18557979480","3551.0","0.0","0.0",""
"2017-09-07 10:03:48","ANSWERED","4504449898","255","Distech Controls <4504449898>","15619948227","840.0","0.03","0.42",""
"2017-09-07 10:04:45","ANSWERED","4504449898","228","Distech Controls <4504449898>","14506569695","48.0","0.0","0.0",""
"2017-09-07 10:20:12","ANSWERED","4504449898","233","Distech Controls <4504449898>","15149378000","61.0","0.0","0.0",""
"2017-09-07 10:22:37","ANSWERED","4504449898","259","Distech Controls <4504449898>","15149357999","604.0","0.0","0.0",""
"2017-09-07 10:29:16","ANSWERED","4504449898","363","Distech Controls <4504449898>","14506631700","150.0","0.03","0.075",""
"2017-09-07 10:30:22","ANSWERED","4504449898","347","Distech Controls <4504449898>","16023330022","66.0","0.03","0.033",""
"2017-09-07 10:30:31","ANSWERED","4504449898","347","Distech Controls <4504449898>","16023330021","2256.0","0.03","1.128",""
"2017-09-07 10:32:45","ANSWERED","4504449898","363","Distech Controls <4504449898>","14504673478","366.0","0.03","0.183",""
"2017-09-07 10:44:07","ANSWERED","4504449898","363","Distech Controls <4504449898>","15148444368","95.0","0.0","0.0",""
"2017-09-07 10:46:21","ANSWERED","4504449898","363","Distech Controls <4504449898>","15149041201","21.0","0.0","0.0",""
"2017-09-07 11:01:47","NO ANSWER","4504449898","229","Distech Controls <4504449898>","18444941119","1.0","0.0","0.0",""
"2017-09-07 11:02:04","NO ANSWER","4504449898","229","Distech Controls <4504449898>","18444949065","1.0","0.0","0.0",""
"2017-09-07 11:02:15","FAILED","4504449898","229","Distech Controls <4504449898>","19669381119","6.0","0.03","0.0",""
"2017-09-07 11:02:29","ANSWERED","4504449898","229","Distech Controls <4504449898>","18669381119","1056.0","0.0","0.0",""
"2017-09-07 11:12:00","ANSWERED","4504449898","233","Distech Controls <4504449898>","15148878928","4.0","0.0","0.0",""
"2017-09-07 11:12:34","ANSWERED","4504449898","233","Distech Controls <4504449898>","15149277720","35.0","0.0","0.0",""
"2017-09-07 11:12:37","ANSWERED","4504449898","369","Distech Controls <4504449898>","14506168035","72.0","0.0","0.0",""
"2017-09-07 11:15:45","ANSWERED","4504449898","347","Distech Controls <4504449898>","16023330021","1056.0","0.03","0.528",""
"2017-09-07 11:15:51","ANSWERED","4504449898","363","Distech Controls <4504449898>","14504431888","134.0","0.0","0.0",""
"2017-09-07 11:17:45","ANSWERED","4504449898","248","Distech Controls <4504449898>","14504412919","84.0","0.03","0.042",""
"2017-09-07 11:22:38","ANSWERED","4504449898","244","Distech Controls <4504449898>","13093572984","30.0","0.03","0.015",""
"2017-09-07 11:24:24","ANSWERED","4504449898","244","Distech Controls <4504449898>","14506539653","54.0","0.03","0.027",""
"2017-09-07 11:33:34","ANSWERED","4504449898","399","Distech Controls <4504449898>","14506539000","36.0","0.03","0.018",""
"2017-09-07 11:34:00","ANSWERED","4504449898","276","Distech Controls <4504449898>","15146327231","40.0","0.0","0.0",""
"2017-09-07 12:18:55","NO ANSWER","4504449898","0000000000","Distech Controls <4504449898>","15142486249","1.0","0.0","0.0",""
"2017-09-07 12:29:38","ANSWERED","4504449898","259","Distech Controls <4504449898>","14506566254","125.0","0.0","0.0",""
"2017-09-07 12:33:54","ANSWERED","4504449898","242","Distech Controls <4504449898>","15149948920","4.0","0.0","0.0",""
"2017-09-07 12:39:10","ANSWERED","4504449898","242","Distech Controls <4504449898>","15149948920","216.0","0.0","0.0",""
"2017-09-07 12:39:42","ANSWERED","4504449898","233","Distech Controls <4504449898>","15148878928","128.0","0.0","0.0",""
"2017-09-07 12:46:02","ANSWERED","4504449898","306","Distech Controls <4504449898>","14388630574","693.0","0.0","0.0",""
"2017-09-07 12:48:14","ANSWERED","4504449898","276","Distech Controls <4504449898>","17708602902","6.0","0.03","0.003",""
"2017-09-07 13:12:28","ANSWERED","4504449898","266","Distech Controls <4504449898>","15197475042","114.0","0.03","0.057",""
"2017-09-07 13:13:33","ANSWERED","4504449898","333","Distech Controls <4504449898>","14388282882","297.0","0.0","0.0",""
"2017-09-07 13:29:03","ANSWERED","4504449898","306","Distech Controls <4504449898>","14506767000","575.0","0.0","0.0",""
"2017-09-07 13:39:20","ANSWERED","4504449898","306","Distech Controls <4504449898>","14388630574","4.0","0.0","0.0",""
"2017-09-07 13:39:32","ANSWERED","4504449898","306","Distech Controls <4504449898>","14388630574","208.0","0.0","0.0",""
"2017-09-07 13:50:10","ANSWERED","4504449898","249","Distech Controls <4504449898>","17032615196","1392.0","0.03","0.696",""
"2017-09-07 13:55:16","ANSWERED","4504449898","363","Distech Controls <4504449898>","15148879335","44.0","0.0","0.0",""
"2017-09-07 13:58:42","ANSWERED","4504449898","270","Distech Controls <4504449898>","15143406151","716.0","0.0","0.0",""
"2017-09-07 14:01:07","ANSWERED","4504449898","349","Distech Controls <4504449898>","14503579691","300.0","0.03","0.15",""
"2017-09-07 14:08:21","NO ANSWER","4504449898","9728901252","Distech Controls <4504449898>","15142486249","1.0","0.0","0.0",""
"2017-09-07 14:13:25","BUSY","4504449898","231","Distech Controls <4504449898>","17056713994","6.0","0.03","0.0",""
"2017-09-07 14:17:34","ANSWERED","4504449898","292","Distech Controls <4504449898>","15157770316","1242.0","0.03","0.621",""
"2017-09-07 14:27:41","ANSWERED","4504449898","233","Distech Controls <4504449898>","15148878928","94.0","0.0","0.0",""
"2017-09-07 14:28:04","ANSWERED","4504449898","244","Distech Controls <4504449898>","19194319411","168.0","0.03","0.084",""
"2017-09-07 14:30:25","ANSWERED","4504449898","346","Distech Controls <4504449898>","16122406700","2358.0","0.03","1.179",""
"2017-09-07 14:35:03","NO ANSWER","4504449898","363","Distech Controls <4504449898>","15142486249","1.0","0.0","0.0",""
"2017-09-07 14:42:44","FAILED","4504449898","339","Distech Controls <4504449898>","15626629009","6.0","0.03","0.0",""
"2017-09-07 14:43:08","NO ANSWER","4504449898","339","Distech Controls <4504449898>","15626629009","6.0","0.03","0.0",""
"2017-09-07 14:43:34","ANSWERED","4504449898","339","Distech Controls <4504449898>","16266102340","96.0","0.03","0.048",""
"2017-09-07 14:45:21","NO ANSWER","4504449898","339","Distech Controls <4504449898>","15623968188","6.0","0.03","0.0",""
"2017-09-07 14:45:38","ANSWERED","4504449898","339","Distech Controls <4504449898>","15623968186","84.0","0.03","0.042",""
"2017-09-07 14:49:32","ANSWERED","4504449898","306","Distech Controls <4504449898>","14388630574","427.0","0.0","0.0",""
"2017-09-07 14:50:59","ANSWERED","4504449898","301","Distech Controls <4504449898>","18027642227","72.0","0.03","0.036",""
"2017-09-07 14:54:33","ANSWERED","4504449898","301","Distech Controls <4504449898>","15149460628","152.0","0.0","0.0",""
"2017-09-07 15:05:35","ANSWERED","4504449898","363","Distech Controls <4504449898>","15143550088","186.0","0.0","0.0",""
"2017-09-07 15:19:15","ANSWERED","4504449898","249","Distech Controls <4504449898>","17708603524","42.0","0.03","0.021",""
"2017-09-07 15:24:45","NO ANSWER","4504449898","224","Distech Controls <4504449898>","15142486249","1.0","0.0","0.0",""
"2017-09-07 15:29:02","NO ANSWER","4504449898","16784431422","Distech Controls <4504449898>","15142486249","1.0","0.0","0.0",""
"2017-09-07 15:44:37","ANSWERED","4504449898","333","Distech Controls <4504449898>","15142331670","132.0","0.0","0.0",""
"2017-09-07 15:47:04","ANSWERED","4504449898","257","Distech Controls <4504449898>","18027642294","84.0","0.03","0.042",""
"2017-09-07 15:54:44","ANSWERED","4504449898","301","Distech Controls <4504449898>","15068533057","114.0","0.03","0.057",""
"2017-09-07 15:56:21","ANSWERED","4504449898","408","Distech Controls <4504449898>","15142320446","13.0","0.0","0.0",""
"2017-09-07 15:57:14","ANSWERED","4504449898","408","Distech Controls <4504449898>","15146933701","78.0","0.03","0.039",""
"2017-09-07 16:02:41","ANSWERED","4504449898","369","Distech Controls <4504449898>","18773051745","293.0","0.0","0.0",""
"2017-09-07 16:06:11","ANSWERED","4504449898","365","Distech Controls <4504449898>","14506595497","28.0","0.0","0.0",""
"2017-09-07 16:24:00","ANSWERED","4504449898","242","Distech Controls <4504449898>","17189810734","36.0","0.03","0.018",""
"2017-09-07 16:26:05","NO ANSWER","4504449898","0000000000","Distech Controls <4504449898>","15142486249","1.0","0.0","0.0",""
"2017-09-07 16:26:17","ANSWERED","4504449898","242","Distech Controls <4504449898>","14089385231","882.0","0.03","0.441",""
"2017-09-07 16:28:56","ANSWERED","4504449898","333","Distech Controls <4504449898>","15142331670","4154.0","0.0","0.0",""
"2017-09-07 16:29:29","BUSY","4504449898","231","Distech Controls <4504449898>","17056713994","6.0","0.03","0.0",""
"2017-09-07 16:30:04","ANSWERED","4504449898","308","Distech Controls <4504449898>","15148862968","137.0","0.0","0.0",""
"2017-09-07 16:34:26","ANSWERED","4504449898","270","Distech Controls <4504449898>","15149073400","1110.0","0.0","0.0",""
"2017-09-07 16:34:40","ANSWERED","4504449898","249","Distech Controls <4504449898>","17708602707","120.0","0.03","0.06",""
"2017-09-07 16:48:32","ANSWERED","4504449898","244","Distech Controls <4504449898>","19728901252","846.0","0.03","0.423",""
"2017-09-07 16:54:56","ANSWERED","4504449898","408","Distech Controls <4504449898>","14504449898","40.0","0.0","0.0",""
"2017-09-07 17:01:45","ANSWERED","4504449898","249","Distech Controls <4504449898>","17708602707","114.0","0.03","0.057",""
"2017-09-07 17:03:45","ANSWERED","4504449898","244","Distech Controls <4504449898>","13093572984","72.0","0.03","0.036",""
"2017-09-07 17:05:57","ANSWERED","4504449898","244","Distech Controls <4504449898>","13093572984","126.0","0.03","0.063",""
"2017-09-07 17:07:17","ANSWERED","4504449898","248","Distech Controls <4504449898>","14506522941","12.0","0.03","0.006",""
"2017-09-07 17:12:11","ANSWERED","4504449898","231","Distech Controls <4504449898>","17056713994","12.0","0.03","0.006",""
"2017-09-07 17:14:37","ANSWERED","4504449898","244","Distech Controls <4504449898>","14506539653","42.0","0.03","0.021",""
"2017-09-07 17:14:38","ANSWERED","4504449898","308","Distech Controls <4504449898>","14388237415","211.0","0.0","0.0",""
"2017-09-07 17:27:18","ANSWERED","4504449898","249","Distech Controls <4504449898>","15148402200","754.0","0.0","0.0",""
"2017-09-07 17:40:01","ANSWERED","4504449898","257","Distech Controls <4504449898>","13148822131","438.0","0.03","0.219",""
"2017-09-07 17:49:17","ANSWERED","4504449898","248","Distech Controls <4504449898>","14506468698","26.0","0.0","0.0",""
"2017-09-07 17:52:24","ANSWERED","4504449898","248","Distech Controls <4504449898>","15144413990","32.0","0.0","0.0",""
"2017-09-07 17:53:25","ANSWERED","4504449898","249","Distech Controls <4504449898>","15148402200","748.0","0.0","0.0",""
"2017-09-07 18:08:15","NO ANSWER","4504449898","286","Distech Controls <4504449898>","15142486249","1.0","0.0","0.0",""
"2017-09-08 07:28:27","ANSWERED","4504449898","318","Distech Controls <4504449898>","18557979480","2665.0","0.0","0.0",""
"2017-09-08 08:32:21","ANSWERED","4504449898","244","Distech Controls <4504449898>","15146951333","144.0","0.03","0.072",""
"2017-09-08 08:49:16","ANSWERED","4504449898","266","Distech Controls <4504449898>","18003753363","17.0","0.0","0.0",""
"2017-09-08 08:50:47","ANSWERED","4504449898","369","Distech Controls <4504449898>","15145160614","11.0","0.0","0.0",""
"2017-09-08 08:53:39","NO ANSWER","4504449898","369","Distech Controls <4504449898>","15145160614","1.0","0.0","0.0",""
"2017-09-08 09:31:05","ANSWERED","4504449898","329","Distech Controls <4504449898>","18886515908","48.0","0.0","0.0",""
"2017-09-08 09:32:03","ANSWERED","4504449898","329","Distech Controls <4504449898>","18886515908","2126.0","0.0","0.0",""
"2017-09-08 09:32:50","ANSWERED","4504449898","369","Distech Controls <4504449898>","15145160614","133.0","0.0","0.0",""
"2017-09-08 09:33:57","ANSWERED","4504449898","235","Distech Controls <4504449898>","15149269498","663.0","0.0","0.0",""
"2017-09-08 09:38:07","NO ANSWER","4504449898","221","Distech Controls <4504449898>","15142486249","1.0","0.0","0.0",""
"2017-09-08 09:54:36","ANSWERED","4504449898","363","Distech Controls <4504449898>","15146367025","350.0","0.0","0.0",""
"2017-09-08 09:59:30","ANSWERED","4504449898","355","Distech Controls <4504449898>","18888083520","299.0","0.0","0.0",""
"2017-09-08 10:03:48","NO ANSWER","4504449898","206","Distech Controls <4504449898>","15145149232","6.0","0.03","0.0",""
"2017-09-08 10:03:54","ANSWERED","4504449898","206","Distech Controls <4504449898>","15149231212","125.0","0.0","0.0",""
"2017-09-08 10:06:03","ANSWERED","4504449898","228","Distech Controls <4504449898>","14506569695","12.0","0.0","0.0",""
"2017-09-08 10:06:30","ANSWERED","4504449898","228","Distech Controls <4504449898>","15146916165","2.0","0.0","0.0",""
"2017-09-08 10:07:15","ANSWERED","4504449898","228","Distech Controls <4504449898>","15146916165","150.0","0.0","0.0",""
"2017-09-08 10:09:33","ANSWERED","4504449898","266","Distech Controls <4504449898>","14506783414","36.0","0.0","0.0",""
"2017-09-08 10:20:54","NO ANSWER","4504449898","301","Distech Controls <4504449898>","14186517440","6.0","0.03","0.0",""
"2017-09-08 10:27:33","ANSWERED","4504449898","235","Distech Controls <4504449898>","14388805742","3.0","0.0","0.0",""
"2017-09-08 10:28:50","ANSWERED","4504449898","244","Distech Controls <4504449898>","13094150343","330.0","0.03","0.165",""
"2017-09-08 10:30:32","ANSWERED","4504449898","309","Distech Controls <4504449898>","18776194241","140.0","0.0","0.0",""
"2017-09-08 10:32:47","ANSWERED","4504449898","221","Distech Controls <4504449898>","15142486249","27.0","0.0","0.0",""
"2017-09-08 10:42:06","ANSWERED","4504449898","235","Distech Controls <4504449898>","14388805742","394.0","0.0","0.0",""
"2017-09-08 10:46:42","ANSWERED","4504449898","244","Distech Controls <4504449898>","18472595000","60.0","0.03","0.03",""
"2017-09-08 10:49:28","ANSWERED","4504449898","300","Distech Controls <4504449898>","18557979480","40.0","0.0","0.0",""
"2017-09-08 10:50:06","NO ANSWER","4504449898","244","Distech Controls <4504449898>","15142486249","1.0","0.0","0.0",""
"2017-09-08 10:50:24","ANSWERED","4504449898","300","Distech Controls <4504449898>","18557979480","83.0","0.0","0.0",""
"2017-09-08 10:51:16","NO ANSWER","4504449898","255","Distech Controls <4504449898>","14503596619","6.0","0.03","0.0",""
"2017-09-08 10:51:49","ANSWERED","4504449898","255","Distech Controls <4504449898>","14503596819","42.0","0.03","0.021",""
"2017-09-08 10:52:00","ANSWERED","4504449898","300","Distech Controls <4504449898>","18557979480","29.0","0.0","0.0",""
"2017-09-08 10:52:48","ANSWERED","4504449898","255","Distech Controls <4504449898>","14503596819","48.0","0.03","0.024",""
"2017-09-08 10:53:49","ANSWERED","4504449898","255","Distech Controls <4504449898>","14503596819","60.0","0.03","0.03",""
"2017-09-08 10:54:21","ANSWERED","4504449898","257","Distech Controls <4504449898>","17802372045","846.0","0.03","0.423",""
"2017-09-08 10:57:50","ANSWERED","4504449898","255","Distech Controls <4504449898>","14503477557","12.0","0.03","0.006",""
"2017-09-08 10:58:10","ANSWERED","4504449898","255","Distech Controls <4504449898>","14503495555","234.0","0.03","0.117",""
"2017-09-08 10:59:35","ANSWERED","4504449898","300","Distech Controls <4504449898>","18557979480","3111.0","0.0","0.0",""
"2017-09-08 11:03:03","ANSWERED","4504449898","212","Distech Controls <4504449898>","14509042647","61.0","0.0","0.0",""
"2017-09-08 11:06:47","ANSWERED","4504449898","363","Distech Controls <4504449898>","15145222121","70.0","0.0","0.0",""
"2017-09-08 11:10:07","ANSWERED","4504449898","275","Distech Controls <4504449898>","18778837072","927.0","0.0","0.0",""
"2017-09-08 11:10:44","ANSWERED","4504449898","255","Distech Controls <4504449898>","14503495555","180.0","0.03","0.09",""
"2017-09-08 11:17:36","ANSWERED","4504449898","301","Distech Controls <4504449898>","15068533057","30.0","0.03","0.015",""
"2017-09-08 11:18:41","ANSWERED","4504449898","339","Distech Controls <4504449898>","14504772929","60.0","0.03","0.03",""
"2017-09-08 11:19:28","ANSWERED","4504449898","410","Distech Controls <4504449898>","14503493585","18.0","0.03","0.009",""
"2017-09-08 11:23:38","ANSWERED","4504449898","221","Distech Controls <4504449898>","14509262737","523.0","0.0","0.0",""
"2017-09-08 11:27:07","ANSWERED","4504449898","365","Distech Controls <4504449898>","15142714022","390.0","0.0","0.0",""
"2017-09-08 11:34:43","ANSWERED","4504449898","244","Distech Controls <4504449898>","15102592504","36.0","0.03","0.018",""
"2017-09-08 11:35:49","ANSWERED","4504449898","244","Distech Controls <4504449898>","15102592504","318.0","0.03","0.159",""
"2017-09-08 11:44:25","ANSWERED","4504449898","221","Distech Controls <4504449898>","14504473092","61.0","0.0","0.0",""
"2017-09-08 11:47:38","ANSWERED","4504449898","291","Distech Controls <4504449898>","15149919575","1.0","0.0","0.0",""
"2017-09-08 11:57:38","ANSWERED","4504449898","370","Distech Controls <4504449898>","14085901076","234.0","0.03","0.117",""
"2017-09-08 12:04:24","ANSWERED","4504449898","300","Distech Controls <4504449898>","14506595497","98.0","0.0","0.0",""
"2017-09-08 12:29:05","NO ANSWER","4504449898","228","Distech Controls <4504449898>","14506569695","1.0","0.0","0.0",""
"2017-09-08 12:29:33","NO ANSWER","4504449898","228","Distech Controls <4504449898>","15146916165","1.0","0.0","0.0",""
"2017-09-08 12:40:45","ANSWERED","4504449898","370","Distech Controls <4504449898>","17709227420","84.0","0.03","0.042",""
"2017-09-08 12:49:57","ANSWERED","4504449898","266","Distech Controls <4504449898>","18773051745","518.0","0.0","0.0",""
"2017-09-08 12:59:36","ANSWERED","4504449898","281","Distech Controls <4504449898>","16023330021","504.0","0.03","0.252",""
"2017-09-08 13:01:15","ANSWERED","4504449898","224","Distech Controls <4504449898>","16023330021","36.0","0.03","0.018",""
"2017-09-08 13:08:35","ANSWERED","4504449898","300","Distech Controls <4504449898>","17705601972","30.0","0.03","0.015",""
"2017-09-08 13:09:42","ANSWERED","4504449898","300","Distech Controls <4504449898>","17709227420","54.0","0.03","0.027",""
"2017-09-08 13:23:33","ANSWERED","4504449898","202","Distech Controls <4504449898>","17574857110","294.0","0.03","0.147",""
"2017-09-08 13:32:20","ANSWERED","4504449898","291","Distech Controls <4504449898>","15149919575","2.0","0.0","0.0",""
"2017-09-08 13:34:22","NO ANSWER","4504449898","301","Distech Controls <4504449898>","15142062907","1.0","0.0","0.0",""
"2017-09-08 13:34:22","ANSWERED","4504449898","202","Distech Controls <4504449898>","15149637601","30.0","0.0","0.0",""
"2017-09-08 13:37:25","ANSWERED","4504449898","281","Distech Controls <4504449898>","16783141467","36.0","0.03","0.018",""
"2017-09-08 13:45:47","ANSWERED","4504449898","410","Distech Controls <4504449898>","18885232863","122.0","0.0","0.0",""
"2017-09-08 13:49:02","NO ANSWER","4504449898","221","Distech Controls <4504449898>","14167083863","6.0","0.03","0.0",""
"2017-09-08 13:55:31","NO ANSWER","4504449898","221","Distech Controls <4504449898>","15142486249","1.0","0.0","0.0",""
"2017-09-08 14:00:54","NO ANSWER","4504449898","281","Distech Controls <4504449898>","16783141467","6.0","0.03","0.0",""
"2017-09-08 14:00:57","ANSWERED","4504449898","273","Distech Controls <4504449898>","18668860869","2076.0","0.0","0.0",""
"2017-09-08 14:01:00","ANSWERED","4504449898","281","Distech Controls <4504449898>","18668860869","2071.0","0.0","0.0",""
"2017-09-08 14:03:50","ANSWERED","4504449898","244","Distech Controls <4504449898>","13054331169","12.0","0.03","0.006",""
"2017-09-08 14:14:46","NO ANSWER","4504449898","206","Distech Controls <4504449898>","15142455715","1.0","0.0","0.0",""
"2017-09-08 14:21:47","ANSWERED","4504449898","244","Distech Controls <4504449898>","17023722809","162.0","0.03","0.081",""
"2017-09-08 14:25:29","ANSWERED","4504449898","295","Distech Controls <4504449898>","17023722809","54.0","0.03","0.027",""
"2017-09-08 14:26:58","ANSWERED","4504449898","244","Distech Controls <4504449898>","18475064123","54.0","0.03","0.027",""
"2017-09-08 14:28:33","ANSWERED","4504449898","276","Distech Controls <4504449898>","15142160205","552.0","0.0","0.0",""
"2017-09-08 14:31:01","ANSWERED","4504449898","266","Distech Controls <4504449898>","13039752160","42.0","0.03","0.021",""
"2017-09-08 14:31:56","ANSWERED","4504449898","228","Distech Controls <4504449898>","14506569695","55.0","0.0","0.0",""
"2017-09-08 14:37:04","ANSWERED","4504449898","206","Distech Controls <4504449898>","15149231212","129.0","0.0","0.0",""
"2017-09-08 14:39:36","ANSWERED","4504449898","295","Distech Controls <4504449898>","17023722809","48.0","0.03","0.024",""
"2017-09-08 14:41:01","ANSWERED","4504449898","270","Distech Controls <4504449898>","15149073400","187.0","0.0","0.0",""
"2017-09-08 14:41:34","ANSWERED","4504449898","221","Distech Controls <4504449898>","15617026119","12.0","0.03","0.006",""
"2017-09-08 14:49:26","ANSWERED","4504449898","204","Distech Controls <4504449898>","18557979480","40.0","0.0","0.0",""
"2017-09-08 14:49:30","ANSWERED","4504449898","266","Distech Controls <4504449898>","18773051745","187.0","0.0","0.0",""
"2017-09-08 14:51:04","ANSWERED","4504449898","204","Distech Controls <4504449898>","18557979480","3939.0","0.0","0.0",""
"2017-09-08 14:51:33","ANSWERED","4504449898","333","Distech Controls <4504449898>","15143507939","179.0","0.0","0.0",""
"2017-09-08 14:55:03","NO ANSWER","4504449898","244","Distech Controls <4504449898>","18475069500","6.0","0.03","0.0",""
"2017-09-08 14:55:14","ANSWERED","4504449898","244","Distech Controls <4504449898>","18475064123","330.0","0.03","0.165",""
"2017-09-08 14:59:10","ANSWERED","4504449898","339","Distech Controls <4504449898>","12019815744","162.0","0.03","0.081",""
"2017-09-08 15:00:07","ANSWERED","4504449898","402","Distech Controls <4504449898>","18557979480","3416.0","0.0","0.0",""
"2017-09-08 15:02:49","NO ANSWER","4504449898","221","Distech Controls <4504449898>","15142486249","1.0","0.0","0.0",""
"2017-09-08 15:14:51","ANSWERED","4504449898","369","Distech Controls <4504449898>","15145160614","165.0","0.0","0.0",""
"2017-09-08 15:16:21","ANSWERED","4504449898","244","Distech Controls <4504449898>","12042574822","72.0","0.03","0.036",""
"2017-09-08 15:17:08","ANSWERED","4504449898","270","Distech Controls <4504449898>","15149073400","1.0","0.0","0.0",""
"2017-09-08 15:17:27","ANSWERED","4504449898","218","Distech Controls <4504449898>","18886515908","1865.0","0.0","0.0",""
"2017-09-08 15:21:36","ANSWERED","4504449898","369","Distech Controls <4504449898>","17708602945","12.0","0.03","0.006",""
"2017-09-08 15:23:17","ANSWERED","4504449898","369","Distech Controls <4504449898>","17708603278","42.0","0.03","0.021",""
"2017-09-08 15:42:00","ANSWERED","4504449898","249","Distech Controls <4504449898>","15148492866","70.0","0.0","0.0",""
"2017-09-08 15:58:21","NO ANSWER","4504449898","221","Distech Controls <4504449898>","15142486249","1.0","0.0","0.0",""
"2017-09-08 16:00:26","ANSWERED","4504449898","281","Distech Controls <4504449898>","16023330021","3090.0","0.03","1.545",""
"2017-09-08 16:17:30","ANSWERED","4504449898","249","Distech Controls <4504449898>","15148492866","496.0","0.0","0.0",""
"2017-09-08 16:30:05","ANSWERED","4504449898","369","Distech Controls <4504449898>","18773051745","370.0","0.0","0.0",""
"2017-09-08 16:31:59","ANSWERED","4504449898","301","Distech Controls <4504449898>","14506913438","6.0","0.03","0.003",""
"2017-09-08 16:48:19","ANSWERED","4504449898","206","Distech Controls <4504449898>","15149231212","712.0","0.0","0.0",""
"2017-09-08 17:18:42","ANSWERED","4504449898","206","Distech Controls <4504449898>","15149231212","3.0","0.0","0.0",""
"2017-09-08 17:27:16","ANSWERED","4504449898","288","Distech Controls <4504449898>","14509821715","1.0","0.0","0.0",""
"2017-09-08 17:27:41","ANSWERED","4504449898","288","Distech Controls <4504449898>","15148953445","506.0","0.0","0.0",""
"2017-09-08 17:46:17","ANSWERED","4504449898","3054331169","Distech Controls <4504449898>","15142486249","24.0","0.0","0.0",""
"2017-09-09 10:54:05","ANSWERED","4504449898","402","Distech Controls <4504449898>","18773431030","126.0","0.0","0.0",""
"2017-09-09 11:18:09","ANSWERED","4504449898","402","Distech Controls <4504449898>","18882472262","46.0","0.0","0.0",""
"2017-09-09 11:19:23","ANSWERED","4504449898","402","Distech Controls <4504449898>","15143699169","182.0","0.0","0.0",""
"2017-09-09 17:49:15","ANSWERED","4504449898","312","Distech Controls <4504449898>","13038029345","12.0","0.03","0.006",""
"2017-09-10 10:38:13","ANSWERED","4504449898","259","Distech Controls <4504449898>","14504431030","57.0","0.0","0.0",""
"2017-09-10 11:02:53","ANSWERED","4504449898","259","Distech Controls <4504449898>","14504431030","115.0","0.0","0.0",""
"2017-09-10 11:27:14","NO ANSWER","4504449898","259","Distech Controls <4504449898>","15144504443","6.0","0.03","0.0",""
"2017-09-10 11:27:20","ANSWERED","4504449898","259","Distech Controls <4504449898>","14504431030","155.0","0.0","0.0",""
"2017-09-10 11:30:19","ANSWERED","4504449898","259","Distech Controls <4504449898>","14504431030","371.0","0.0","0.0",""
"2017-09-11 07:59:44","ANSWERED","4504449898","203","Distech Controls <4504449898>","16023330021","1212.0","0.03","0.606",""
"2017-09-11 08:02:09","ANSWERED","4504449898","206","Distech Controls <4504449898>","15142455715","18.0","0.0","0.0",""
"2017-09-11 08:06:18","ANSWERED","4504449898","318","Distech Controls <4504449898>","18557979480","1039.0","0.0","0.0",""
"2017-09-11 08:11:27","ANSWERED","4504449898","336","Distech Controls <4504449898>","18886515908","5255.0","0.0","0.0",""
"2017-09-11 08:12:08","ANSWERED","4504449898","276","Distech Controls <4504449898>","13175584220","12.0","0.03","0.006",""
"2017-09-11 08:15:36","ANSWERED","4504449898","276","Distech Controls <4504449898>","17652670167","42.0","0.03","0.021",""
"2017-09-11 08:17:24","ANSWERED","4504449898","369","Distech Controls <4504449898>","18773051745","607.0","0.0","0.0",""
"2017-09-11 08:29:06","ANSWERED","4504449898","203","Distech Controls <4504449898>","18552995224","12173.0","0.0","0.0",""
"2017-09-11 08:29:18","ANSWERED","4504449898","225","Distech Controls <4504449898>","16023330021","1176.0","0.03","0.588",""
"2017-09-11 08:30:52","ANSWERED","4504449898","356","Distech Controls <4504449898>","16023330021","780.0","0.03","0.39",""
"2017-09-11 08:36:25","ANSWERED","4504449898","410","Distech Controls <4504449898>","15145190676","88.0","0.0","0.0",""
"2017-09-11 08:42:51","ANSWERED","4504449898","244","Distech Controls <4504449898>","13093572984","126.0","0.03","0.063",""
"2017-09-11 08:56:55","ANSWERED","4504449898","202","Distech Controls <4504449898>","16023330021","13332.0","0.03","6.666",""
"2017-09-11 09:18:08","ANSWERED","4504449898","369","Distech Controls <4504449898>","12129716464","240.0","0.03","0.12",""
"2017-09-11 09:30:27","ANSWERED","4504449898","259","Distech Controls <4504449898>","14504301030","6.0","0.03","0.003",""
"2017-09-11 09:31:00","ANSWERED","4504449898","259","Distech Controls <4504449898>","14504431030","131.0","0.0","0.0",""
"2017-09-11 09:37:48","ANSWERED","4504449898","243","Distech Controls <4504449898>","14168920051","540.0","0.03","0.27",""
"2017-09-11 09:39:00","ANSWERED","4504449898","333","Distech Controls <4504449898>","18886515908","1258.0","0.0","0.0",""
"2017-09-11 09:53:50","ANSWERED","4504449898","243","Distech Controls <4504449898>","15146672112","973.0","0.0","0.0",""
"2017-09-11 10:04:01","ANSWERED","4504449898","228","Distech Controls <4504449898>","14506569695","77.0","0.0","0.0",""
"2017-09-11 10:09:33","ANSWERED","4504449898","212","Distech Controls <4504449898>","14503579691","426.0","0.03","0.213",""
"2017-09-11 10:17:16","ANSWERED","4504449898","259","Distech Controls <4504449898>","14506767500","272.0","0.0","0.0",""
"2017-09-11 10:23:40","ANSWERED","4504449898","243","Distech Controls <4504449898>","16127597086","72.0","0.03","0.036",""
"2017-09-11 10:28:07","ANSWERED","4504449898","244","Distech Controls <4504449898>","12088719140","60.0","0.03","0.03",""
"2017-09-11 10:29:09","ANSWERED","4504449898","356","Distech Controls <4504449898>","16023330021","1410.0","0.03","0.705",""
"2017-09-11 10:35:37","ANSWERED","4504449898","288","Distech Controls <4504449898>","15148953445","28.0","0.0","0.0",""
"2017-09-11 10:36:05","ANSWERED","4504449898","259","Distech Controls <4504449898>","14506767500","89.0","0.0","0.0",""
"2017-09-11 10:40:33","ANSWERED","4504449898","276","Distech Controls <4504449898>","17708602902","24.0","0.03","0.012",""
"2017-09-11 10:44:32","ANSWERED","4504449898","285","Distech Controls <4504449898>","14504772828","6.0","0.03","0.003",""
"2017-09-11 10:44:50","ANSWERED","4504449898","285","Distech Controls <4504449898>","14504772929","132.0","0.03","0.066",""
"2017-09-11 10:47:38","ANSWERED","4504449898","242","Distech Controls <4504449898>","19024682300","42.0","0.03","0.021",""
"2017-09-11 10:48:26","ANSWERED","4504449898","259","Distech Controls <4504449898>","18773407555","579.0","0.0","0.0",""
"2017-09-11 10:49:25","ANSWERED","4504449898","243","Distech Controls <4504449898>","13476093009","78.0","0.03","0.039",""
"2017-09-11 10:49:43","ANSWERED","4504449898","285","Distech Controls <4504449898>","14388233407","37.0","0.0","0.0",""
"2017-09-11 10:49:57","ANSWERED","4504449898","270","Distech Controls <4504449898>","14504866486","116.0","0.0","0.0",""
"2017-09-11 10:50:36","ANSWERED","4504449898","285","Distech Controls <4504449898>","15143645300","222.0","0.0","0.0",""
"2017-09-11 10:52:17","ANSWERED","4504449898","243","Distech Controls <4504449898>","13093608777","84.0","0.03","0.042",""
"2017-09-11 10:57:50","ANSWERED","4504449898","239","Distech Controls <4504449898>","18004776668","1035.0","0.0","0.0",""
"2017-09-11 10:58:09","ANSWERED","4504449898","233","Distech Controls <4504449898>","19087534800","246.0","0.03","0.123",""
"2017-09-11 11:01:36","ANSWERED","4504449898","370","Distech Controls <4504449898>","15205911111","6.0","0.03","0.003",""
"2017-09-11 11:06:15","ANSWERED","4504449898","259","Distech Controls <4504449898>","16177805352","258.0","0.03","0.129",""
"2017-09-11 11:06:30","ANSWERED","4504449898","266","Distech Controls <4504449898>","18182399321","156.0","0.03","0.078",""
"2017-09-11 11:08:48","NO ANSWER","4504449898","333","Distech Controls <4504449898>","15144997999","1.0","0.0","0.0",""
"2017-09-11 11:12:48","ANSWERED","4504449898","370","Distech Controls <4504449898>","15205911111","6.0","0.03","0.003",""
"2017-09-11 11:13:03","ANSWERED","4504449898","314","Distech Controls <4504449898>","14253683332","6.0","0.03","0.003",""
"2017-09-11 11:15:27","ANSWERED","4504449898","363","Distech Controls <4504449898>","15143855555","232.0","0.0","0.0",""
"2017-09-11 11:16:12","ANSWERED","4504449898","249","Distech Controls <4504449898>","14388899642","100.0","0.0","0.0",""
"2017-09-11 11:18:02","ANSWERED","4504449898","314","Distech Controls <4504449898>","17703352635","1554.0","0.03","0.777",""
"2017-09-11 11:20:59","ANSWERED","4504449898","243","Distech Controls <4504449898>","14506789322","18.0","0.0","0.0",""
"2017-09-11 11:27:48","NO ANSWER","4504449898","243","Distech Controls <4504449898>","18777869464","1.0","0.0","0.0",""
"2017-09-11 11:28:30","ANSWERED","4504449898","243","Distech Controls <4504449898>","15148078563","1.0","0.0","0.0",""
"2017-09-11 11:28:43","ANSWERED","4504449898","243","Distech Controls <4504449898>","15148078563","7.0","0.0","0.0",""
"2017-09-11 11:28:49","ANSWERED","4504449898","259","Distech Controls <4504449898>","14504431030","57.0","0.0","0.0",""
"2017-09-11 11:30:55","ANSWERED","4504449898","266","Distech Controls <4504449898>","15626229009","204.0","0.03","0.102",""
"2017-09-11 11:33:08","ANSWERED","4504449898","356","Distech Controls <4504449898>","18007647419","51.0","0.0","0.0",""
"2017-09-11 11:37:34","ANSWERED","4504449898","243","Distech Controls <4504449898>","14506789322","455.0","0.0","0.0",""
"2017-09-11 11:44:13","ANSWERED","4504449898","314","Distech Controls <4504449898>","14253683332","6.0","0.03","0.003",""
"2017-09-11 11:56:12","ANSWERED","4504449898","285","Distech Controls <4504449898>","14388233407","102.0","0.0","0.0",""
"2017-09-11 12:00:10","ANSWERED","4504449898","362","Distech Controls <4504449898>","14167178189","36.0","0.03","0.018",""
"2017-09-11 12:01:25","ANSWERED","4504449898","362","Distech Controls <4504449898>","13173589608","66.0","0.03","0.033",""
"2017-09-11 12:02:06","ANSWERED","4504449898","242","Distech Controls <4504449898>","15149948920","154.0","0.0","0.0",""
"2017-09-11 12:10:55","ANSWERED","4504449898","242","Distech Controls <4504449898>","14503329477","6.0","0.0","0.0",""
"2017-09-11 12:11:34","ANSWERED","4504449898","242","Distech Controls <4504449898>","15145821819","107.0","0.0","0.0",""
"2017-09-11 12:15:27","ANSWERED","4504449898","352","Distech Controls <4504449898>","15145016542","522.0","0.0","0.0",""
"2017-09-11 12:17:44","ANSWERED","4504449898","300","Distech Controls <4504449898>","14504626868","101.0","0.0","0.0",""
"2017-09-11 12:19:16","ANSWERED","4504449898","298","Distech Controls <4504449898>","18886254998","10.0","0.0","0.0",""
"2017-09-11 12:19:46","ANSWERED","4504449898","298","Distech Controls <4504449898>","18886254988","281.0","0.0","0.0",""
"2017-09-11 12:29:18","ANSWERED","4504449898","314","Distech Controls <4504449898>","17708602295","6.0","0.03","0.003",""
"2017-09-11 12:29:47","ANSWERED","4504449898","228","Distech Controls <4504449898>","14506569695","52.0","0.0","0.0",""
"2017-09-11 12:35:04","ANSWERED","4504449898","408","Distech Controls <4504449898>","16507239607","156.0","0.03","0.078",""
"2017-09-11 12:36:43","ANSWERED","4504449898","266","Distech Controls <4504449898>","17702636999","114.0","0.03","0.057",""
"2017-09-11 12:44:21","NO ANSWER","4504449898","314","Distech Controls <4504449898>","12532191944","6.0","0.03","0.0",""
"2017-09-11 12:54:43","NO ANSWER","4504449898","314","Distech Controls <4504449898>","18005318722","1.0","0.0","0.0",""
"2017-09-11 13:14:31","ANSWERED","4504449898","306","Distech Controls <4504449898>","18668416001","455.0","0.0","0.0",""
"2017-09-11 13:15:36","ANSWERED","4504449898","352","Distech Controls <4504449898>","15145016542","6.0","0.0","0.0",""
"2017-09-11 13:24:25","NO ANSWER","4504449898","306","Distech Controls <4504449898>","14504602724","6.0","0.03","0.0",""
"2017-09-11 13:24:44","ANSWERED","4504449898","306","Distech Controls <4504449898>","18447979699","322.0","0.0","0.0",""
"2017-09-11 13:33:32","ANSWERED","4504449898","277","Distech Controls <4504449898>","14504587300","150.0","0.03","0.075",""
"2017-09-11 13:41:06","ANSWERED","4504449898","314","Distech Controls <4504449898>","14253683332","6.0","0.03","0.003",""
"2017-09-11 13:42:51","ANSWERED","4504449898","314","Distech Controls <4504449898>","17708602295","6.0","0.03","0.003",""
"2017-09-11 13:43:24","ANSWERED","4504449898","306","Distech Controls <4504449898>","18776220093","63.0","0.0","0.0",""
"2017-09-11 14:08:53","ANSWERED","4504449898","306","Distech Controls <4504449898>","18776220093","156.0","0.0","0.0",""
"2017-09-11 14:12:19","ANSWERED","4504449898","356","Distech Controls <4504449898>","15147663720","31.0","0.0","0.0",""
"2017-09-11 14:13:50","NO ANSWER","4504449898","356","Distech Controls <4504449898>","16785261000","6.0","0.03","0.0",""
"2017-09-11 14:14:09","NO ANSWER","4504449898","356","Distech Controls <4504449898>","16785261000","6.0","0.03","0.0",""
"2017-09-11 14:24:23","ANSWERED","4504449898","356","Distech Controls <4504449898>","14167035765","1176.0","0.03","0.588",""
"2017-09-11 14:30:42","ANSWERED","4504449898","276","Distech Controls <4504449898>","16023330021","2262.0","0.03","1.131",""
"2017-09-11 14:35:16","ANSWERED","4504449898","270","Distech Controls <4504449898>","15148840378","593.0","0.0","0.0",""
"2017-09-11 14:40:15","ANSWERED","4504449898","362","Distech Controls <4504449898>","19055131953","78.0","0.03","0.039",""
"2017-09-11 14:41:50","ANSWERED","4504449898","362","Distech Controls <4504449898>","14167178189","72.0","0.03","0.036",""
"2017-09-11 14:49:07","ANSWERED","4504449898","362","Distech Controls <4504449898>","14167178189","888.0","0.03","0.444",""
"2017-09-11 14:49:32","ANSWERED","4504449898","270","Distech Controls <4504449898>","15149073400","192.0","0.0","0.0",""
"2017-09-11 14:53:41","ANSWERED","4504449898","224","Distech Controls <4504449898>","18002059812","24.0","0.0","0.0",""
"2017-09-11 14:54:42","ANSWERED","4504449898","224","Distech Controls <4504449898>","18665627625","468.0","0.0","0.0",""
"2017-09-11 15:02:37","ANSWERED","4504449898","224","Distech Controls <4504449898>","15145012410","62.0","0.0","0.0",""
"2017-09-11 15:21:21","ANSWERED","4504449898","233","Distech Controls <4504449898>","19056253500","342.0","0.03","0.171",""
"2017-09-11 15:21:32","ANSWERED","4504449898","308","Distech Controls <4504449898>","14506539000","600.0","0.03","0.3",""
"2017-09-11 15:35:15","ANSWERED","4504449898","242","Distech Controls <4504449898>","15149948920","118.0","0.0","0.0",""
"2017-09-11 16:07:42","ANSWERED","4504449898","247","Distech Controls <4504449898>","19516791023","456.0","0.03","0.228",""
"2017-09-11 16:11:15","ANSWERED","4504449898","356","Distech Controls <4504449898>","14504660999","97.0","0.0","0.0",""